{
    "r1":
    {
        "plate_oct9":
        {
            "x":0.4084,
            "y":0.04614,
            "z":0.186,
            "roll":0,
            "pitch":0,
            "yaw":0.0157,
            "width":48,
            "height":48
        },
        "plate_oct5":
        {
            "x":0.40808,
            "y":0.04621,
            "z":0.18706,
            "roll":0,
            "pitch":0,
            "yaw":0.0157,
            "width":48,
            "height":48
        },
        "plate_new_manual":
        {
            "x":0.40903,
            "y":0.04621,
            "z":0.193,
            "roll":0,
            "pitch":0,
            "yaw":0.0157,
            "width":48,
            "height":48
        },
        "plate_original":
        {
            "x":0.40808,
            "y":0.04627,
            "z":0.18706,
            "roll":0,
            "pitch":0,
            "yaw":0.01885,
            "width":48,
            "height":48
        }
    },
    "r2":
    {
        "plate_oct9":
        {
            "x":0.4725,
            "y":-0.05571,
            "z":0.186,
            "roll":0,
            "pitch":0,
            "yaw":0.02155,
            "width":48,
            "height":48
        },
        "plate_oct5":
        {
            "x": 0.472,
            "y": -0.05577,
            "z": 0.18706,
            "roll": 0,
            "pitch": 0,
            "yaw": 0.02155,
            "width": 48,
            "height": 48
        },
        "plate_new_manual":
        {
            "x":0.473,
            "y":-0.05577,
            "z":0.193,
            "roll":0,
            "pitch":0,
            "yaw":0.02155,
            "width":48,
            "height":48
        }
    }
    
}