{
    "assemble_plate":
    {
        "x": 0.40842053781513565,
        "y": 0.04519264491562785,
        "z": 0.1899,
        "roll": 0,
        "pitch": 0,
        "yaw": 0.014517905595799786,
        "deg": 0.8318147180086886,
        "width": 48,
        "height": 48
    },
    "storage_plate":
    {
        "x": 0.40842053781513565,
        "y": 0.04519264491562785,
        "z": 0.1899,
        "roll": 0,
        "pitch": 0,
        "yaw": 0.014517905595799786,
        "deg": 0.8318147180086886,
        "width": 48,
        "height": 48
    }
}