{
    "assemble_plate":
    {
        "x": 0.40729257000929864,
        "y": 0.04667382010626622,
        "z": 0.18735000000000002,
        "roll": 0,
        "pitch": 0,
        "yaw": 0.0170317816977317,
        "width": 48,
        "height": 48
    },
    "storage_plate":
    {
        "x": 0.40729257000929864,
        "y": 0.04667382010626622,
        "z": 0.18735000000000002,
        "roll": 0,
        "pitch": 0,
        "yaw": 0.0170317816977317,
        "width": 48,
        "height": 48
    }
}